station,station_name,lat,lon,geometry,site_type,site_id
diebel_10008292,Otter Creek Spooner Ave Eau Claire Co,44.80714529,-91.45976996,POINT (-91.45976996 44.80714529),diebel,10008292
diebel_10008417,Levis Creek Levis Creek Rd Jackson Co,44.31201094,-90.82030784,POINT (-90.82030784 44.31201094),diebel,10008417
diebel_10008421,Allen Creek Allen Creek Rd Jackson Co,44.34333099,-90.86506769,POINT (-90.86506769 44.34333099),diebel,10008421
diebel_10008513,Pigeon Creek Dewey rd Jackson Co,44.45664928,-91.10698447,POINT (-91.10698447 44.45664928),diebel,10008513
diebel_10008525,South Fork Beaver Creek Whalen Rd Trempealeau Co,44.15746162,-91.23662817,POINT (-91.23662817 44.15746162),diebel,10008525
diebel_10008547,Vismal Creek Power House Rd Jackson Co,44.38711094,-90.7651678,POINT (-90.7651678 44.38711094),diebel,10008547
diebel_10008701,Coldwater Creek 320th St Chippewa Co,45.01424709,-91.02486492,POINT (-91.02486492 45.01424709),diebel,10008701
diebel_10008903,Rush River 385th St Pierce Co,44.62707083,-92.33212188,POINT (-92.33212188 44.62707083),diebel,10008903
diebel_10009065,Plum Creek Kallstrom Rd Pepin Co,44.53983,-92.07403667,POINT (-92.07403667 44.53983),diebel,10009065
diebel_10009276,Wisconsin River Rummels Rd Vilas Co,46.09109064,-89.26324561,POINT (-89.26324561 46.09109064),diebel,10009276
diebel_10009321,Big Elk Creek Cth M Chippewa Co,44.92916043,-91.6300572,POINT (-91.6300572 44.92916043),diebel,10009321
diebel_10009436,Lowe Creek Green Acres Rd Jackson Co,44.36430114,-91.03203734,POINT (-91.03203734 44.36430114),diebel,10009436
diebel_10009809,Namekagon Larsen Rd Sawyer Co,46.10694803,-91.38568282,POINT (-91.38568282 46.10694803),diebel,10009809
diebel_10010257,South Fork Popple River 153 Rd Clark Co,44.80007788,-90.37567442,POINT (-90.37567442 44.80007788),diebel,10010257
diebel_10010859,Mink Creek Lessor-Navarino Rd Shawano Co,44.62668167,-88.486385,POINT (-88.486385 44.62668167),diebel,10010859
diebel_10010910,Story Creek Hwy 92 Green Co,42.82768,-89.48763333,POINT (-89.48763332999999 42.82768),diebel,10010910
diebel_10010970,Spring Brook S Gustafson Rd Rock Co,42.53719818,-88.9148782,POINT (-88.9148782 42.53719818),diebel,10010970
diebel_10011225,Seymour Creek Ottoman Ave Monroe Co,43.74261002,-90.37993483,POINT (-90.37993483 43.74261002),diebel,10011225
diebel_10011243,Stony Brook Townhall Rd Jefferson Co,43.1584096,-88.98221853,POINT (-88.98221853 43.1584096),diebel,10011243
diebel_10011522,Trimbelle River CTH O Pierce Co,44.7205318,-92.57767457,POINT (-92.57767457 44.7205318),diebel,10011522
diebel_10011751,East Fork Black River State Highway 73 Wood Co,44.45334515,-90.3080333,POINT (-90.30803330000001 44.45334515),diebel,10011751
diebel_10012172,Hoton Creek Jacobson Rd Juneau Co,43.86168953,-90.25937251,POINT (-90.25937251000001 43.86168953),diebel,10012172
diebel_10012607,Spring Brook Main St Rock Co,42.66838563,-89.00673869,POINT (-89.00673869000001 42.66838563),diebel,10012607
diebel_10014053,Unnamed Old Cty M La Crosse Co,43.85509616,-91.11106561,POINT (-91.11106561 43.85509616),diebel,10014053
diebel_10014316,Rountree Branch Southwest Rd Grant Co,42.72680623,-90.49426167,POINT (-90.49426167 42.72680623),diebel,10014316
diebel_10014336,Fox River Hwy 44 Columbia Co,43.58442249,-89.22745162,POINT (-89.22745162 43.58442249),diebel,10014336
diebel_10014464,Calamus Creek County Highway S Dodge Co,43.38001833,-88.89355667,POINT (-88.89355667 43.38001833),diebel,10014464
diebel_10014633,Crab Creek Cth W Vilas Co,46.244263,-89.72891,POINT (-89.72891 46.244263),diebel,10014633
diebel_10014634,Morrison Creek County Highway K Jackson Co,44.37791123,-90.72169551,POINT (-90.72169551 44.37791123),diebel,10014634
diebel_10015206,Otter Creek Stones Pocket Rd Sauk Co,43.38535918,-89.79883623,POINT (-89.79883623000001 43.38535918),diebel,10015206
diebel_10015217,Otter Creek Stones Pocket Rd Sauk Co,43.36206101,-89.79846033,POINT (-89.79846033 43.36206101),diebel,10015217
diebel_10015553,Sidney Creek Shrine Rd Marinette Co,45.6671677,-88.31884564,POINT (-88.31884564000001 45.6671677),diebel,10015553
diebel_10015610,Mill Creek Ellsworth Rd Monroe Co,44.0579628,-90.5206431,POINT (-90.5206431 44.0579628),diebel,10015610
diebel_10015645,Big Rock Creek Nyberg Ct Polk Co,45.44792167,-92.63980167,POINT (-92.63980167 45.44792167),diebel,10015645
diebel_10015716,McDonald Creek Rost Lake Rd Oconto Co,45.04833961,-88.15083093,POINT (-88.15083093 45.04833961),diebel,10015716
diebel_10016058,Johnson Creek Ranch Rd Jefferson Co,43.09302174,-88.69212306,POINT (-88.69212306 43.09302174),diebel,10016058
diebel_10016365,Beaver Creek State Highway 29 Chippewa Co,44.91891202,-91.46179135,POINT (-91.46179135 44.91891202),diebel,10016365
diebel_10016753,Fivemile Creek State Highway 13 Wood Co,44.32718258,-89.81128886,POINT (-89.81128886 44.32718258),diebel,10016753
diebel_10017018,Ashippun River State Highway 83 Washington Co,43.2784805,-88.37021544,POINT (-88.37021544 43.2784805),diebel,10017018
diebel_10017226,Unnamed State Highway 57 Brown Co,44.36265655,-88.08989573,POINT (-88.08989572999999 44.36265655),diebel,10017226
diebel_10017269,Fox River Sth 33 Columbia Co,43.55379274,-89.43462943,POINT (-89.43462943 43.55379274),diebel,10017269
diebel_10017367,West Branch Baraboo River CTH FF Vernon Co,43.65341232,-90.33564662,POINT (-90.33564662000001 43.65341232),diebel,10017367
diebel_10018128,Big Rib River CTH S Marathon Co,44.97249099,-89.90551504,POINT (-89.90551504 44.97249099),diebel,10018128
diebel_10020469,Pratt creek Cth NN Buffalo Co,44.4614609,-91.70099784,POINT (-91.70099784 44.4614609),diebel,10020469
diebel_10021203,Montgomery Creek Adjacent to Sand Rd Burnett Co,45.74014245,-92.08167233,POINT (-92.08167233 45.74014245),diebel,10021203
diebel_10021690,Wedges Creek Middle Rd Clark Co,44.51618381,-90.71299239,POINT (-90.71299239 44.51618381),diebel,10021690
diebel_10021833,New Wood River Tesch Rd Lincoln Co,45.24183,-89.81243,POINT (-89.81243000000001 45.24183),diebel,10021833
diebel_10021886,Hay Creek Moose Lake Rd Sawyer Co,46.02529287,-91.17700593,POINT (-91.17700593000001 46.02529287),diebel,10021886
diebel_10021931,Taylor Creek W Avon N Town Line Rd Rock Co,42.5803562,-89.36115732,POINT (-89.36115732 42.5803562),diebel,10021931
diebel_10021949,Rat River Harper Rd Marinette Co,45.43417528,-88.35493798,POINT (-88.35493798 45.43417528),diebel,10021949
diebel_10022479,Lower Middle Inlet Quarry Rd Marinette Co,45.294485,-88.02422167,POINT (-88.02422167 45.294485),diebel,10022479
diebel_10022525,South Branch Embarrass River County Road 00 Shawano Co,44.82777933,-89.22355595,POINT (-89.22355595000001 44.82777933),diebel,10022525
diebel_10022565,Schacte Creek Fairview Rd Bayfield Co,46.64711181,-91.37247582,POINT (-91.37247582000001 46.64711181),diebel,10022565
diebel_10028747,Whitcomb Creek Swamp Rd Waupaca Co,44.56141132,-88.98042305,POINT (-88.98042305 44.56141132),diebel,10028747
diebel_10028751,Trappe River 73rd St Marathon Co,45.07443546,-89.53293623,POINT (-89.53293623 45.07443546),diebel,10028751
diebel_10028752,Big Rib River County Highway M Taylor Co,45.22289074,-90.12114452,POINT (-90.12114452 45.22289074),diebel,10028752
diebel_10028754,South Fork Clam River County Highway J Burnett Co,45.68346659,-92.07461576,POINT (-92.07461576 45.68346659),diebel,10028754
diebel_10028787,North Fork Buffalo River Bloom Rd Jackson Co,44.58055745,-91.03387724,POINT (-91.03387724 44.58055745),diebel,10028787
diebel_10028841,North Branch Crawfish River Hall Rd Columbia Co,43.36209234,-89.26009143,POINT (-89.26009143 43.36209234),diebel,10028841
diebel_10028846,Unnamed Ruff Lane Grant Co,42.64241382,-90.66832771,POINT (-90.66832771 42.64241382),diebel,10028846
diebel_10028850,Little Baraboo River State Highway 58 Sauk Co,43.5638484,-90.1329088,POINT (-90.1329088 43.5638484),diebel,10028850
diebel_10028916,Bogus Creek Cottonwood Lane Pepin Co,44.46843978,-92.20743856,POINT (-92.20743856 44.46843978),diebel,10028916
diebel_10029039,Little Balsam Creek Patzau Foxboro Rd Douglas Co,46.49003199,-92.22788948,POINT (-92.22788948 46.49003199),diebel,10029039
diebel_10029083,Sugar Creek Potter Rd Walworth Co,42.71487736,-88.34196,POINT (-88.34196 42.71487736),diebel,10029083
diebel_10029084,Ashippun River County Highway CW Waukesha Co,43.17893681,-88.44549098,POINT (-88.44549098 43.17893681),diebel,10029084
diebel_10029438,Black River State Highway 64 Taylor Co,45.13273725,-90.43915043,POINT (-90.43915043 45.13273725),diebel,10029438
diebel_10029645,Baraboo River S Webb Ave Sauk Co,43.52977167,-90.01180667,POINT (-90.01180667 43.52977167),diebel,10029645
diebel_10029728,Brown Branch Spafford Creek Tollakson Rd Lafayette Co,42.54025923,-89.91682683,POINT (-89.91682683000001 42.54025923),diebel,10029728
diebel_10030075,Mill Creek Cty C Iowa Co,43.15421393,-90.0273186,POINT (-90.0273186 43.15421393),diebel,10030075
diebel_10030077,Canyon Park Creek Evan Quarry Rd Iowa Co,42.99554242,-90.04193738,POINT (-90.04193737999999 42.99554242),diebel,10030077
diebel_10030084,Crossman Creek Stout Rd Sauk Co,43.63505259,-90.16692532,POINT (-90.16692532 43.63505259),diebel,10030084
diebel_10030164,Rajek Creek Townline Rd Lincoln Co,45.20646345,-89.52541325,POINT (-89.52541325 45.20646345),diebel,10030164
diebel_10030193,Unnamed Hwy 80 Juneau Co,43.76170291,-90.2714128,POINT (-90.27141279999999 43.76170291),diebel,10030193
diebel_10030273,Little Rice River Adjacent to Kelly Fire Ln Oneida Co,45.60016232,-89.85694093,POINT (-89.85694092999999 45.60016232),diebel,10030273
diebel_10030317,Trout River Reservation Hwy 15 Vilas Co,46.02105536,-89.76202335,POINT (-89.76202335000001 46.02105536),diebel,10030317
diebel_10030352,Unnamed Waukesha Rd Racine Co,42.82424344,-88.00683546,POINT (-88.00683546 42.82424344),diebel,10030352
diebel_10030362,Rubicon River Goodland Rd Dodge Co,43.32918667,-88.42905833,POINT (-88.42905833 43.32918667),diebel,10030362
diebel_10030525,South Branch Pigeon River Buckbee Rd Waupaca Co,44.64876817,-88.83455814,POINT (-88.83455814 44.64876817),diebel,10030525
diebel_10030675,Couderay River Right of Way Rd Sawyer Co,45.81165042,-91.40943666,POINT (-91.40943666 45.81165042),diebel,10030675
diebel_10030870,Onion River County Highway E Sheboygan Co,43.71012951,-87.99036253,POINT (-87.99036253 43.71012951),diebel,10030870
diebel_10032031,Bear Creek County Road Q Portage Co,44.43499471,-89.31005224,POINT (-89.31005224 44.43499471),diebel,10032031
diebel_10032363,Meadows Creek CTH SS Barron Co,45.45646458,-91.73504879,POINT (-91.73504878999999 45.45646458),diebel,10032363
diebel_10033476,Moose River W Mail Rd Douglas Co,46.25985795,-91.96953061,POINT (-91.96953061000001 46.25985795),diebel,10033476
diebel_10034394,Unnamed Rainbow Dr Marathon Co,45.10489167,-89.702905,POINT (-89.702905 45.10489167),diebel,10034394
diebel_10037405,Unnamed CTH U Walworth Co,42.53109185,-88.32476883,POINT (-88.32476883 42.53109185),diebel,10037405
diebel_10037608,German Creek County Highway M Barron Co,45.40726334,-91.65393167,POINT (-91.65393167000001 45.40726334),diebel,10037608
diebel_10038132,East Fork Iron River Airport Rd Bayfield Co,46.70839,-91.44877167,POINT (-91.44877167 46.70839),diebel,10038132
diebel_10038256,Bear Creek STH 98 Clark Co,44.74142806,-90.49546587,POINT (-90.49546587 44.74142806),diebel,10038256
diebel_10038319,North Branch Pigeon River Parkview Ave Waupaca Co,44.67184772,-88.88721551,POINT (-88.88721551 44.67184772),diebel,10038319
diebel_10038497,Unnamed Mann Rd Clark Co,44.69820346,-90.53969788,POINT (-90.53969788000001 44.69820346),diebel,10038497
diebel_10038509,Pigeon Creek N Settlement Rd Jackson Co,44.20819097,-90.6290192,POINT (-90.6290192 44.20819097),diebel,10038509
diebel_10039319,Mecan River Cumberland Rd Waushara Co,44.02164781,-89.4268576,POINT (-89.42685760000001 44.02164781),diebel,10039319
diebel_10039442,Silver Creek County Road DE Sheboygan Co,43.5498471,-88.02090726,POINT (-88.02090726 43.5498471),diebel,10039442
diebel_10039912,West Branch Rock River County Highway TC Fond du Lac Co,43.72037052,-88.65716625,POINT (-88.65716625 43.72037052),diebel,10039912
diebel_10040300,Bull Brook CTH J Polk Co,45.31013565,-92.30067862,POINT (-92.30067862 45.31013565),diebel,10040300
diebel_10040489,East Twin River E Hillcrest Rd Manitowoc Co,44.19734084,-87.61042844,POINT (-87.61042844000001 44.19734084),diebel,10040489
diebel_10040659,Squaw Creek E Mc Millan St Wood Co,44.68518196,-90.13271971,POINT (-90.13271971 44.68518196),diebel,10040659
diebel_10040683,Lotz Creek CTH X Chippewa Co,44.94274082,-91.091224,POINT (-91.091224 44.94274082),diebel,10040683
diebel_10040713,Little Suamico River Jaworski Rd Oconto Co,44.6843801,-88.20118634,POINT (-88.20118634000001 44.6843801),diebel,10040713
diebel_10040737,Iron River Fairgrounds Rd Bayfield Co,46.57094042,-91.41597019,POINT (-91.41597019 46.57094042),diebel,10040737
diebel_10040739,Unnamed Hopkins Rd Rock Co,42.52911785,-89.3461475,POINT (-89.3461475 42.52911785),diebel,10040739
diebel_10040921,Unnamed CTH A Burnett Co,45.88695006,-92.04236179,POINT (-92.04236179 45.88695006),diebel,10040921
diebel_10040933,Big River 560th Ave Pierce Co,44.74257834,-92.657185,POINT (-92.657185 44.74257834),diebel,10040933
diebel_10042328,Little Popple River Sleeter Rd Florence Co,45.78874446,-88.2853908,POINT (-88.2853908 45.78874446),diebel,10042328
diebel_10043161,Unnamed Old Stage Rd Jackson Co,44.50094398,-90.96363924,POINT (-90.96363924000001 44.50094398),diebel,10043161
diebel_10043191,North Branch Nippersink Creek Cty H Walworth Co,42.51350905,-88.34135096,POINT (-88.34135096 42.51350905),diebel,10043191
diebel_10044142,Bear Creek Hwy 130 Richland Co,43.23738593,-90.22582821,POINT (-90.22582821 43.23738593),diebel,10044142
diebel_10044215,Spring Creek County Highway PP Calumet Co,44.17177275,-88.06448775,POINT (-88.06448775 44.17177275),diebel,10044215
diebel_10044266,Unnamed Aspen Ave Waushara Co,44.16742614,-88.95255351,POINT (-88.95255351 44.16742614),diebel,10044266
diebel_10044846,Yellowstone River Woodlawn Rd Iowa Co,42.83563365,-90.00560949,POINT (-90.00560949 42.83563365),diebel,10044846
diebel_10047826,Unnamed Hay Meadow Rd Oneida Co,45.593685,-89.26026333,POINT (-89.26026333 45.593685),diebel,10047826
diebel_10047827,"Waukau Creek State Highway 116 Winnebago
Winnebago Co",43.99512887,-88.77224261,POINT (-88.77224261000001 43.99512887),diebel,10047827
diebel_10047828,Unnamed S Bakke Rd Rock Co,42.58635184,-89.10539765,POINT (-89.10539765 42.58635184),diebel,10047828
diebel_10047829,Herman Creek Herman Creek Rd Shawano Co,44.5970935,-88.41253109,POINT (-88.41253109 44.5970935),diebel,10047829
diebel_10047830,Beaver Creek State Highway 182 Iron Co,45.98914216,-90.17070165,POINT (-90.17070165 45.98914216),diebel,10047830
diebel_10047831,Unnamed Rentz Rd Richland Co,43.42264333,-90.19722833,POINT (-90.19722833 43.42264333),diebel,10047831
diebel_10047832,Belle Fountain Creek County Trunk Hwy FF Green Lake Co,43.65300289,-89.20666917,POINT (-89.20666917 43.65300289),diebel,10047832
diebel_10047833,Twin Grove Branch Twin Grove Rd Green Co,42.529565,-89.54328333,POINT (-89.54328332999999 42.529565),diebel,10047833
diebel_10047834,Muddy Creek 790th St Dunn Co,44.806495,-91.76216833,POINT (-91.76216832999999 44.806495),diebel,10047834
diebel_10047835,Kathan Creek Lone Pine Rd Oneida Co,45.85993407,-89.33285496,POINT (-89.33285496000001 45.85993407),diebel,10047835
diebel_10047836,Unnamed Pekala Rd Juneau Co,43.67339439,-90.06293851,POINT (-90.06293851 43.67339439),diebel,10047836
diebel_10047837,Unnamed Rocky Ridge Rd S Rusk Co,45.46924851,-91.06985597,POINT (-91.06985597000001 45.46924851),diebel,10047837
diebel_10047838,Maunesha River STH 19 Jefferson Co,43.18389932,-88.98924274,POINT (-88.98924273999999 43.18389932),diebel,10047838
diebel_10047839,North Branch Embarrass River Regina Rd Shawano Co,44.89238657,-89.02145222,POINT (-89.02145222 44.89238657),diebel,10047839
diebel_10047840,Wildcat Creek County Road W S Dodge Co,43.39140634,-88.52634334,POINT (-88.52634334 43.39140634),diebel,10047840
diebel_10047841,Iron Creek 430th Ave Dunn Co,44.83609829,-91.76746096,POINT (-91.76746095999999 44.83609829),diebel,10047841
diebel_10047842,Drew Creek Blackhawk Rd Langlade Co,45.1284163,-88.89948381,POINT (-88.89948381000001 45.1284163),diebel,10047842
diebel_10047843,Unnamed 15th St E Marathon Co,44.95860062,-89.8618563,POINT (-89.8618563 44.95860062),diebel,10047843
diebel_10047844,Unnamed Wolf River Dr Kewaunee Co,44.62114171,-87.4364777,POINT (-87.4364777 44.62114171),diebel,10047844
diebel_10047845,Unnamed Fredrickson Rd Oconto Co,44.89714422,-88.03191303,POINT (-88.03191303 44.89714422),diebel,10047845
diebel_10047846,Eagle Creek County Road G Buffalo Co,44.1908466,-91.68738462,POINT (-91.68738462 44.1908466),diebel,10047846
diebel_10047847,Morgan Creek Homestead Rd Rusk Co,45.50465453,-90.69944613,POINT (-90.69944613 45.50465453),diebel,10047847
diebel_10047848,Rat River Blackwell Junction Rd Forest Co,45.53291834,-88.65425833,POINT (-88.65425833 45.53291834),diebel,10047848
diebel_10047849,North Branch Pemebonwon Sth 8/141 Marinette Co,45.700094,-87.951382,POINT (-87.951382 45.700094),diebel,10047849
diebel_10047850,Unnamed Hoitink Rd Sheboygan Co,43.59418146,-87.88781791,POINT (-87.88781791 43.59418146),diebel,10047850
diebel_10047851,Unnamed County Highway A Pierce Co,46.60912667,-92.0667,POINT (-92.0667 46.60912667),diebel,10047851
diebel_10047856,Thornapple River Town Line Rd Rusk Co,45.5521399,-91.09991749,POINT (-91.09991749 45.5521399),diebel,10047856
diebel_10047857,Black Creek Miller Rd Outagamie Co,44.51950303,-88.3806239,POINT (-88.3806239 44.51950303),diebel,10047857
diebel_10047858,Scarboro Creek Valley Rd Kewaunee Co,44.50213212,-87.68440804,POINT (-87.68440803999999 44.50213212),diebel,10047858
diebel_10049232,Crawfish River CTH N Columbia Co,43.30201,-89.20686,POINT (-89.20686000000001 43.30201),diebel,10049232
diebel_103147,South Branch O'Neill Creek Fremont Rd Clark Co,44.59702134,-90.41067465,POINT (-90.41067465 44.59702134),diebel,103147
diebel_113143,Crawfish River Hall Rd Columbia Co,43.35804193,-89.05640034,POINT (-89.05640034 43.35804193),diebel,113143
diebel_153027,Ahnapee River W Main St Door Co,44.689665,-87.48692167,POINT (-87.48692167 44.689665),diebel,153027
diebel_163002,Bois Brule River Sth 13 Douglas Co,46.67950219,-91.59529851,POINT (-91.59529851000001 46.67950219),diebel,163002
diebel_223231,Kieler Creek Valley Ln Grant Co,42.58235245,-90.59114839,POINT (-90.59114839 42.58235245),diebel,223231
diebel_273123,Vossee Coulee Creek Co Hwy W Trempealeau Co,44.32175137,-91.16616738,POINT (-91.16616738 44.32175137),diebel,273123
diebel_313021,Red River State Highway 57 Kewaunee Co,44.66761333,-87.74354193,POINT (-87.74354193000001 44.66761333),diebel,313021
diebel_333059,Spafford Creek Cty DD Lafayette Co,42.52087238,-89.91140866,POINT (-89.91140866000001 42.52087238),diebel,333059
diebel_353143,Somo River Zenith Tower Rd Lincoln Co,45.48937693,-89.8573256,POINT (-89.8573256 45.48937693),diebel,353143
diebel_363228,Silver Creek County Highway LS Manitowoc Co,44.0618002,-87.66087701,POINT (-87.66087700999999 44.0618002),diebel,363228
diebel_373061,Scotch Creek CTH H Marathon Co,44.91960922,-89.96538107,POINT (-89.96538107000001 44.91960922),diebel,373061
diebel_373175,Fenwood Creek Fairview Rd Marathon Co,44.81470761,-89.98161446,POINT (-89.98161446 44.81470761),diebel,373175
diebel_373346,Little Rib River County Highway U Marathon Co,44.98747266,-89.73360288,POINT (-89.73360288000001 44.98747266),diebel,373346
diebel_433205,Little River Sth 22 Oconto Co,44.88873526,-88.01031804,POINT (-88.01031804 44.88873526),diebel,433205
diebel_443295,Bearskin Creek Cth K Oneida Co,45.64460893,-89.68700476,POINT (-89.68700475999999 45.64460893),diebel,443295
diebel_443463,Gilmore Creek Cty Hwy D Oneida Co,45.83227768,-89.55125129,POINT (-89.55125129 45.83227768),diebel,443463
diebel_483010,Isabelle Creek CTH C Pierce Co,44.72363146,-92.45680185,POINT (-92.45680185000001 44.72363146),diebel,483010
diebel_503161,Unnamed Maple Rd Wood Co,44.59830149,-89.96193084,POINT (-89.96193083999999 44.59830149),diebel,503161
diebel_503165,South Branch Tenmile Creek CTH F Portage Co,44.27904906,-89.64679188,POINT (-89.64679187999999 44.27904906),diebel,503165
diebel_533025,McGlynn Creek State Highway 58 Richland Co,43.51250333,-90.20698148,POINT (-90.20698148 43.51250333),diebel,533025
diebel_553130,Deer Tail Creek STH 27 Rusk Co,45.39281604,-91.11001648,POINT (-91.11001648 45.39281604),diebel,553130
diebel_593131,Pickerel Creek James St Shawano Co,44.807774,-88.45236,POINT (-88.45236 44.807774),diebel,593131
diebel_603293,Onion River Cty W Sheboygan Co,43.63795134,-87.88422829,POINT (-87.88422829 43.63795134),diebel,603293
diebel_623201,Elk Creek Swede Valley Rd Trempealeau Co,44.3884201,-91.43048378,POINT (-91.43048378 44.3884201),diebel,623201
diebel_623260,South Fork Buffalo River Myhres Road Trempealeau Co,44.55648586,-91.18112892,POINT (-91.18112892000001 44.55648586),diebel,623260
diebel_63034,Peeso Creek Washington St Buffalo Co,44.57437842,-91.66210754,POINT (-91.66210753999999 44.57437842),diebel,63034
diebel_653070,Piscasaw Creek State Line Rd Walworth Co,42.49467864,-88.65975047,POINT (-88.65975047000001 42.49467864),diebel,653070
diebel_653246,Spring Creek State Road 20 Walworth Co,42.78899172,-88.33839066,POINT (-88.33839066 42.78899172),diebel,653246
diebel_693192,Comet Creek Bergen Rd Waupaca Co,44.64602578,-89.11205538,POINT (-89.11205538 44.64602578),diebel,693192
diebel_723111,Hemlock Creek Necedah Rd Wood Co,44.29002,-90.10418,POINT (-90.10418 44.29002),diebel,723111
mitro_allen,allen,44.34333,-90.86507,POINT (-90.86507 44.34333),mitro,allen
mitro_ash_whip,ash_whip,43.27443,-90.37908,POINT (-90.37908 43.27443),mitro,ash_whip
mitro_ash_wt1,ash_wt1,43.29482,-90.4267,POINT (-90.4267 43.29482),mitro,ash_wt1
mitro_ash_wt2,ash_wt2,43.29708,-90.43005,POINT (-90.43004999999999 43.29708),mitro,ash_wt2
mitro_ash_wt3,ash_wt3,43.2978,-90.43044,POINT (-90.43044 43.2978),mitro,ash_wt3
mitro_big,big,46.21607,-91.33653,POINT (-91.33653 46.21607),mitro,big
mitro_elk,elk,43.45193,-90.65995,POINT (-90.65994999999999 43.45193),mitro,elk
mitro_fish,fish,46.64696,-91.54533,POINT (-91.54533000000001 46.64696),mitro,fish
mitro_gold,gold,44.94002,-89.0017,POINT (-89.0017 44.94002),mitro,gold
mitro_lawrence,lawrence,45.65436,-88.21392,POINT (-88.21392 45.65436),mitro,lawrence
mitro_levis,levis,44.31201,-90.82127,POINT (-90.82127 44.31201),mitro,levis
mitro_lowe,lowe,44.3642,-91.03202,POINT (-91.03202 44.3642),mitro,lowe
mitro_sfbeaver,sfbeaver,44.15771,-91.23697,POINT (-91.23697 44.15771),mitro,sfbeaver
mitro_sfhay,sfhay,45.20181,-92.12387,POINT (-92.12387 45.20181),mitro,sfhay
mitro_vismal,vismal,44.38695,-90.76498,POINT (-90.76497999999999 44.38695),mitro,vismal
mitro_vossee,vossee,44.3218,-91.16608,POINT (-91.16607999999999 44.3218),mitro,vossee
swims_10007742,De Neveu Creek at Reinhardt Rd,43.74024,-88.41178,POINT (-88.41177999999999 43.74024),swims,10007742
swims_10007864,Tributary To West Branch Of The Sugar River at Cth Jg,42.942963,-89.71933,POINT (-89.71933 42.942963),swims,10007864
swims_10007870,Juda Branch N Fork at CTH S,42.59069,-89.50426,POINT (-89.50426 42.59069),swims,10007870
swims_10008400,Limestone Creek Crooked Rd W Of Sth 175,43.398945,-88.35936,POINT (-88.35936 43.398945),swims,10008400
swims_10008418,Kohlsville R. : Midland Rd. Bridge,43.48313,-88.362114,POINT (-88.36211400000001 43.48313),swims,10008418
swims_10008568,Hulburt Creek-60m Upstream Cty Hwy H,43.626686,-89.81048,POINT (-89.81048 43.626686),swims,10008568
swims_10008883,Mole Creek 7 (at Pleasant Valley Rd),43.352062,-87.97115,POINT (-87.97114999999999 43.352062),swims,10008883
swims_10008922,17- Rush River - Hwy 29  [17],44.84811,-92.40194,POINT (-92.40194 44.84811),swims,10008922
swims_10009425,Flynn Creek At Southern Fritz Rd. Crossing,42.91512,-89.59289,POINT (-89.59289 42.91512),swims,10009425
swims_10009476,Sugar River Upstream Of Valley Rd,42.972992,-89.56625,POINT (-89.56625 42.972992),swims,10009476
swims_10009519,Norwegian Creek Upstream (At) Hwy 104/H,42.67078,-89.36739,POINT (-89.36739 42.67078),swims,10009519
swims_10009635,Deer Creek Starting At Sutter Lane,42.95918,-89.6844,POINT (-89.6844 42.95918),swims,10009635
swims_10009643,Fryes Feeder 130m Upstream Hwy 92,42.963364,-89.67404,POINT (-89.67404000000001 42.963364),swims,10009643
swims_10009645,Fryes Feeder Upstream Townhall Rd Bridge (Sec 21),42.980072,-89.676704,POINT (-89.676704 42.980072),swims,10009645
swims_10009700,West Branch Sugar At Barton Rd (Segment #15),42.97438,-89.7347,POINT (-89.7347 42.97438),swims,10009700
swims_10009816,Pine Creek - Pine Creek 2- Cth Hh Bridge,44.68321,-91.44121,POINT (-91.44121 44.68321),swims,10009816
swims_10009817,Clear Creek - Clear Cr. Station 2 Hwy 93 Bridge,44.67012,-91.44828,POINT (-91.44828 44.67012),swims,10009817
swims_10009825,Graham Creek - Station 1 Spruce Rd,44.66451,-91.47879,POINT (-91.47879 44.66451),swims,10009825
swims_10010007,Otter Creek At Cth Pf (Remap 108-B),43.293293,-89.79875,POINT (-89.79875 43.293293),swims,10010007
swims_10010287,Popple River At State Hwy 73  (Fh Sta 1),44.836998,-90.59831,POINT (-90.59831 44.836998),swims,10010287
swims_10010711,Wedde Creek - Deerborn Avenue Station 1,43.9669,-89.37337,POINT (-89.37336999999999 43.9669),swims,10010711
swims_10010787,Fryes Feeder - Fryes Feeder At Snowmobile Bridge Below Sth 92,42.957767,-89.67109,POINT (-89.67109000000001 42.957767),swims,10010787
swims_10010799,Deer Creek At Sth 92,42.964584,-89.69209,POINT (-89.69208999999999 42.964584),swims,10010799
swims_10010805,Campground Creek - Campground Creek Habitat Site C1,43.66491,-88.48636,POINT (-88.48636 43.66491),swims,10010805
swims_10010882,Schlapbach Creek At Klevenville Riley Rd,43.028706,-89.65935,POINT (-89.65935 43.028706),swims,10010882
swims_10011090,Camels Creek   - Camels Creek 150 Meters Downstream From Simpson Road.,43.58689,-89.90006,POINT (-89.90006 43.58689),swims,10011090
swims_10011232,Menomonee River - Menomonee River at North Ave (110m Upstream),43.061386,-88.03559,POINT (-88.03559 43.061386),swims,10011232
swims_10011352,Diamond Valley Creek - Diamond Valley Creek 1,44.6325,-91.11085,POINT (-91.11085 44.6325),swims,10011352
swims_10011425,Pine Creek - Pine Cr. Station 1 12 M Upstream Of Mouth Off 150th St.,44.815475,-91.23086,POINT (-91.23086000000001 44.815475),swims,10011425
swims_10011876,Coco Creek At Yench Road (75m Upstream),43.097378,-88.28941,POINT (-88.28941 43.097378),swims,10011876
swims_10011966,Badger Mill Creek - Sth. 69 Upstream To Fenceline In Pasture,42.96457,-89.54841,POINT (-89.54841 42.96457),swims,10011966
swims_10012173,Deer Creek  - Hwy. 92 Upstream 120 M To Corner Post By Phone Pole,42.97918,-89.701416,POINT (-89.70141599999999 42.97918),swims,10012173
swims_10012179,Schlapbach Creek   - 50 M Ne Of Pump House Upstream 150 M To End,43.014461,-89.713102,POINT (-89.71310200000001 43.014461),swims,10012179
swims_10012231,Little Willow At Spiral Rd.,43.345383,-90.304726,POINT (-90.304726 43.345383),swims,10012231
swims_10012232,Otter Creek At Hwy C,43.14057,-90.20362,POINT (-90.20362 43.14057),swims,10012232
swims_10012233,Fryes Feeder - Uppermost Town Hall Rd Crossing,42.996494,-89.691414,POINT (-89.69141399999999 42.996494),swims,10012233
swims_10012234,Unnamed Trib To Fryes Feeder - Town Hall Rd Near Springdale Town Hall,42.985146,-89.67747,POINT (-89.67747 42.985146),swims,10012234
swims_10012235,Schlapbach Creek at Town Hall Rd.,43.01446,-89.69126,POINT (-89.69126 43.01446),swims,10012235
swims_10012238,Wayne Creek at Hwy H,43.51492,-88.3463,POINT (-88.3463 43.51492),swims,10012238
swims_10012285,White River at Bibon Rd.,46.41358,-91.06253,POINT (-91.06253 46.41358),swims,10012285
swims_10012287,Turtle Creek at Heidt's backyard,42.518715,-89.00913,POINT (-89.00913 42.518715),swims,10012287
swims_10012289,Kohlsville River - Mill Street,43.47123,-88.326485,POINT (-88.32648500000001 43.47123),swims,10012289
swims_10012302,Melancthon Creek  at Hawk Lane,43.55386,-90.35559,POINT (-90.35559000000001 43.55386),swims,10012302
swims_10012321,Otter Creek at Spring Valley Rd,43.088486,-90.251076,POINT (-90.251076 43.088486),swims,10012321
swims_10012326,Little Willow At Mccavoy Rd.,43.376305,-90.30678,POINT (-90.30678 43.376305),swims,10012326
swims_10012331,Lowes Creek Off Hwy 37/85 Below Fehr Road And The Bike Path,44.778294,-91.54366,POINT (-91.54366 44.778294),swims,10012331
swims_10012333,Deinhammer Creek - Beaver Creek Reserve Trail Footbridge Closest To Eau Claire River,44.81539,-91.28049,POINT (-91.28049 44.81539),swims,10012333
swims_10012345,Near Hwy Nn Private Property,43.420044,-90.29805,POINT (-90.29805 43.420044),swims,10012345
swims_10012346,Limestone Creek At Hwy W,43.39379,-88.3407,POINT (-88.3407 43.39379),swims,10012346
swims_10012347,Wayne Creek At Hwy 28,43.529186,-88.35967,POINT (-88.35966999999999 43.529186),swims,10012347
swims_10012348,Kohlsville River At Aurora Road North,43.46433,-88.30211,POINT (-88.30211 43.46433),swims,10012348
swims_10012349,Kohlsville River At Aurora Road South,43.449814,-88.30206,POINT (-88.30206 43.449814),swims,10012349
swims_10012437,West Branch White River - County T (125 Yards West),44.080322,-89.35333,POINT (-89.35333 44.080322),swims,10012437
swims_10012440,Brunsweiler River At Cth C,46.406982,-90.81131,POINT (-90.81131000000001 46.406982),swims,10012440
swims_10012441,Little Pine Creek 0.42 Miles Due East Of Cty Ii,44.030495,-89.37692,POINT (-89.37692 44.030495),swims,10012441
swims_10012445,Bird Creek At Antler Drive Just Outside Wautoma,44.073097,-89.32144,POINT (-89.32144 44.073097),swims,10012445
swims_10012447,Puchyan River At Cth J,43.87304,-88.99262,POINT (-88.99262 43.87304),swims,10012447
swims_10012460,Reads Creek At Campground 0.3 Miles Upstream From Hwy 131 Bridge,43.44273,-90.77146,POINT (-90.77146 43.44273),swims,10012460
swims_10012461,Halls Branch 100 Yds Upstream From Zintz Rd.,43.28043,-90.868034,POINT (-90.86803399999999 43.28043),swims,10012461
swims_10012462,Johnson Creek (unnamed) Under North Side Of County C Bridge,43.401443,-90.78465,POINT (-90.78465 43.401443),swims,10012462
swims_10012463,Baker Creek Under East Side Of Pedestrian Bridge West Of Highway 61 Bridge,43.390614,-90.76639,POINT (-90.76639 43.390614),swims,10012463
swims_10012477,Trout Creek 1.9 Miles East Of Hwy 61,43.40836,-90.728935,POINT (-90.72893500000001 43.40836),swims,10012477
swims_10012478,Bishop Branch Off Hwy 56 At Starr Property,43.531853,-90.77174,POINT (-90.77173999999999 43.531853),swims,10012478
swims_10012482,Lowes Creek Downstream From Hwy Hh Bridge,44.683426,-91.47636,POINT (-91.47636 44.683426),swims,10012482
swims_10012483,Trinity Creek at Baehr Rd.,43.196213,-87.98402,POINT (-87.98402 43.196213),swims,10012483
swims_10012484,Milwaukee River Downstream of Indiana Ave.,43.41994,-88.17086,POINT (-88.17086 43.41994),swims,10012484
swims_10012486,Black Earth Creek Betw. Mazomanie & Black Earth,43.160683,-89.77496,POINT (-89.77495999999999 43.160683),swims,10012486
swims_10012487,Koshkonong Creek At Former Dam Site In Rockdale,42.97281,-89.03217,POINT (-89.03216999999999 42.97281),swims,10012487
swims_10012488,Wingra (Murphy) Creek 300 Meters Upstream From Fish Hatchery Rd.,43.051334,-89.40096,POINT (-89.40096 43.051334),swims,10012488
swims_10012489,Little Oconomowoc River At Petersen Rd.,43.161594,-88.37275,POINT (-88.37275 43.161594),swims,10012489
swims_10012490,Sussex (Spring) Creek at Sussex Wwtf,43.125275,-88.21736,POINT (-88.21736 43.125275),swims,10012490
swims_10012495,Bird Creek at Bicentennial Rd.,44.080853,-89.33762,POINT (-89.33762 44.080853),swims,10012495
swims_10012496,Bird Creek West Of Prairie Rd. Wautoma,44.065094,-89.2991,POINT (-89.2991 44.065094),swims,10012496
swims_10012498,Pigeon Creek Downstream From Friestadt Rd.,43.236107,-87.99188,POINT (-87.99187999999999 43.236107),swims,10012498
swims_10012499,Pigeon Creek Downstream From Seminary Drive and Upstream from Dam,43.23504,-87.98936,POINT (-87.98936 43.23504),swims,10012499
swims_10012500,PIGEON CREEK AT WILLIAMSBURG DRIVE AT THEINSVILLE WI,43.233696,-87.98552,POINT (-87.98551999999999 43.233696),swims,10012500
swims_10012501,Milwaukee River Grafton - South End Of Lime Kiln Park,43.302784,-87.957085,POINT (-87.95708500000001 43.302784),swims,10012501
swims_10012504,Milwaukee River Grafton - South End Of Grafton Mill Complex,43.31646,-87.94881,POINT (-87.94880999999999 43.31646),swims,10012504
swims_10012505,Milwaukee River Grafton at Interurban Trail Bridge,43.3347,-87.946205,POINT (-87.94620500000001 43.3347),swims,10012505
swims_10012518,Milwaukee River at Streamside Rearing Facility Pump RNC,43.43488,-88.0338,POINT (-88.0338 43.43488),swims,10012518
swims_10012522,Mud Creek South Of Cedar Sauk Rd.,43.367153,-88.0396,POINT (-88.03959999999999 43.367153),swims,10012522
swims_10012523,North Branch Milwaukee River At Hwy M,43.48288,-88.0611,POINT (-88.0611 43.48288),swims,10012523
swims_10012524,Riveredge Nature Center Creek at Hawthorne Dr.,43.439926,-88.02636,POINT (-88.02636 43.439926),swims,10012524
swims_10012525,Riveredge Creek at South Boundary Of Rnc,43.432713,-88.016014,POINT (-88.016014 43.432713),swims,10012525
swims_10012528,South Fork Jump River West Of Cth N,45.403854,-90.6173,POINT (-90.6173 45.403854),swims,10012528
swims_10012529,North Fork Jump River Below Cth N,45.43743,-90.61779,POINT (-90.61779 45.43743),swims,10012529
swims_10012530,Elk River At Big Elk Rd.,45.71836,-90.35143,POINT (-90.35142999999999 45.71836),swims,10012530
swims_10012531,Flambeau River South Fork - Cedar Rapids At Bridge,45.91187,-90.22809,POINT (-90.22808999999999 45.91187),swims,10012531
swims_10012564,Saint Croix River Douglas County Cranberry Bog Discharge,46.271397,-91.78052,POINT (-91.78052 46.271397),swims,10012564
swims_10012565,Saint Croix River Across From Cranberry Bog Douglas County,46.273018,-91.77682,POINT (-91.77682 46.273018),swims,10012565
swims_10012566,Eau Claire River Near Mouth Below Finstad Ln Bridge,46.24889,-91.79825,POINT (-91.79825 46.24889),swims,10012566
swims_10012567,Fisher Creek At Rockport Park,42.665092,-89.05672,POINT (-89.05672 42.665092),swims,10012567
swims_10012572,Allen Creek Evansville-Brooklyn Rd. 1/2 Way To Butts Corners Rd. Bridge,42.816235,-89.33366,POINT (-89.33365999999999 42.816235),swims,10012572
swims_10012575,Allen Creek in Koshkonong at bike path,42.898598,-88.863655,POINT (-88.86365499999999 42.898598),swims,10012575
swims_10012578,Allen Creek Town Of Koshkonong Bleecker,42.893627,-88.84931,POINT (-88.84931 42.893627),swims,10012578
swims_10012579,Allen Creek Town Of Koshkonong Merriman's,42.871807,-88.83124,POINT (-88.83123999999999 42.871807),swims,10012579
swims_10012581,Otter Creek: County N/ Hwy 26 ( North Of Cty N Bridge),42.822685,-88.93223,POINT (-88.93223 42.822685),swims,10012581
swims_10012582,Trinity Creek (unnamed) West Of Bike Path/RR Tracks,43.19911,-87.97676,POINT (-87.97676 43.19911),swims,10012582
swims_10012584,Menomonee River at Jacobus Park,43.042713,-87.99317,POINT (-87.99317000000001 43.042713),swims,10012584
swims_10012585,French Creek at Linrude Rd.,44.171883,-91.32085,POINT (-91.32084999999999 44.171883),swims,10012585
swims_10012609,Wendt Creek -  Hwy 78,43.175617,-89.768745,POINT (-89.768745 43.175617),swims,10012609
swims_10012610,Wendt Creek - Carter Rd.,43.165806,-89.74683,POINT (-89.74683 43.165806),swims,10012610
swims_10012614,Ulao Creek at Pioneer Rd. Mequon,43.280083,-87.92705,POINT (-87.92704999999999 43.280083),swims,10012614
swims_10012615,Milwaukee River - Lincoln Park North Of Fishing Pier,43.11056,-87.92528,POINT (-87.92528 43.11056),swims,10012615
swims_10012616,Milwaukee River - South Of Estabrook Park Dam,43.10139,-87.91028,POINT (-87.91028 43.10139),swims,10012616
swims_10012637,Mt. Vernon Creek At Cth A,42.915455,-89.61889,POINT (-89.61888999999999 42.915455),swims,10012637
swims_10013194,Long Lake Branch Of White River- Off Nymphia Lake Road Upstream Of Trail Leading To River-Station#1,46.38255,-91.18989,POINT (-91.18989000000001 46.38255),swims,10013194
swims_10013354,Fryes Feeder at Miller Farm,42.994797,-89.68725,POINT (-89.68725000000001 42.994797),swims,10013354
swims_10014232,Black Earth Creek 40 M Downstream Of Olson Rd,43.155766,-89.776375,POINT (-89.776375 43.155766),swims,10014232
swims_10014467,Wendt Creek- Spring Valley Rd 388 M East Of Cth F To Culvert 125 M Upstream,43.16227,-89.73544,POINT (-89.73544 43.16227),swims,10014467
swims_10014471,Wendt Creek-Upstream Spring Valley Rd 87 M To End Gps,43.162746,-89.69974,POINT (-89.69974000000001 43.162746),swims,10014471
swims_10014498,East Tributary To Parsons Cr. At Confluence,43.691658,-88.46444,POINT (-88.46444 43.691658),swims,10014498
swims_10014501,Parsons Creek At Church Rd,43.675728,-88.46211,POINT (-88.46211 43.675728),swims,10014501
swims_10014502,Pike River At Usgs Station Uw Parkside,42.647217,-87.86035,POINT (-87.86035 42.647217),swims,10014502
swims_10014503,Pike River - North Branch,42.655293,-87.874695,POINT (-87.874695 42.655293),swims,10014503
swims_10014606,South Fork Jump River at Hwy 13,45.534897,-90.311775,POINT (-90.311775 45.534897),swims,10014606
swims_10014607,Hobbles Creek At Cth I,45.444004,-90.53326,POINT (-90.53326 45.444004),swims,10014607
swims_10014608,North Fork Jump River AT County Hwy I,45.49022,-90.53416,POINT (-90.53416 45.49022),swims,10014608
swims_10014676,Jader Creek Upstream Of Confluence With Long Lake Branch,46.38178,-91.190186,POINT (-91.190186 46.38178),swims,10014676
swims_10014677,Long Lake Branch Downstream Of Johnson Springs,46.366943,-91.22796,POINT (-91.22796 46.366943),swims,10014677
swims_10014678,Johnson Springs Tributary Upstream Of Confluence With Long Lake Branch,46.366665,-91.22854,POINT (-91.22854 46.366665),swims,10014678
swims_10014681,Long Lake Branch Downstream Of Lake Owen Dam,46.301464,-91.22107,POINT (-91.22107 46.301464),swims,10014681
swims_10014682,Long Lake Branch Downstream Of Drummond Lake Dam,46.348732,-91.25872,POINT (-91.25872 46.348732),swims,10014682
swims_10014720,Mole Creek At W Center Rd.,43.411148,-87.97467,POINT (-87.97467 43.411148),swims,10014720
swims_10014721,Milwaukee River-Waubeka (Vfw Park),43.472267,-87.991486,POINT (-87.99148599999999 43.472267),swims,10014721
swims_10014722,Milwaukee River-Waubeka (River Rd.),43.47753,-88.00725,POINT (-88.00725 43.47753),swims,10014722
swims_10014740,French Creek - Klar Road,42.653526,-90.50099,POINT (-90.50099 42.653526),swims,10014740
swims_10015513,Spring Creek - Tributary To Upper St. Croix Lake,46.357826,-91.81239,POINT (-91.81238999999999 46.357826),swims,10015513
swims_10016273,Spring Brook Creek - 20 M Dwnstm Of Birchwood Rd Cros-Sing 3rd Site North Of Cth P,43.606478,-89.82018,POINT (-89.82017999999999 43.606478),swims,10016273
swims_10016483,Tributary To Denevue Creek Above Lime Rd,43.70386,-88.368614,POINT (-88.36861399999999 43.70386),swims,10016483
swims_10016834,Campground Creek - 10 M Upstream Of River Road,43.674786,-88.51166,POINT (-88.51166000000001 43.674786),swims,10016834
swims_10020486,Wendt Creek - 2 M Below Voss Rd,43.175888,-89.77782,POINT (-89.77782000000001 43.175888),swims,10020486
swims_10020598,Sherwood Trib. To Kankapot Cr.-200 Feet South Of Co. Rd. B,44.169632,-88.25444,POINT (-88.25444 44.169632),swims,10020598
swims_10020684,Carpenter Creek (Ld1) At Culvert On 28th Rd.,44.162037,-89.066986,POINT (-89.066986 44.162037),swims,10020684
swims_10020685,Carpenter Creek 2 At Bridge On Cth M,44.17959,-89.05607,POINT (-89.05607000000001 44.17959),swims,10020685
swims_10020686,Parsons Creek At Hickory Rd And Cth B,43.695824,-88.47424,POINT (-88.47423999999999 43.695824),swims,10020686
swims_10020687,Campground Creek (Trib To) At Cth F,43.661465,-88.48942,POINT (-88.48942 43.661465),swims,10020687
swims_10020692,Mecan River At 100 Yrds South Of W9853 Cypress Rd West Of Cty Y,44.000114,-89.376366,POINT (-89.376366 44.000114),swims,10020692
swims_10020693,Peterson Creek - Cty Q (Upstream of Bridge),44.43411,-89.163734,POINT (-89.16373400000001 44.43411),swims,10020693
swims_10020694,Peterson Creek - CTH V (50 Ft Downstream Of Dam),44.439236,-89.18947,POINT (-89.18947 44.439236),swims,10020694
swims_10020696,Peterson Creek - CTH B (upstream side of bridge),44.47201,-89.21451,POINT (-89.21451 44.47201),swims,10020696
swims_10020697,Nace Creek At North Side Of Hwy 161,44.508034,-89.14929,POINT (-89.14928999999999 44.508034),swims,10020697
swims_10020698,S Branch Little Wolf Upstream Of Madson Rd Bridge,44.52973,-89.1636,POINT (-89.1636 44.52973),swims,10020698
swims_10020700,S Branch Little Wolf Below Hwy 49 Bridge South Of Scandanavia,44.43536,-89.14194,POINT (-89.14194000000001 44.43536),swims,10020700
swims_10020889,Lowes Creek At Cth F (South),44.65534,-91.49933,POINT (-91.49933 44.65534),swims,10020889
swims_10020893,Scott Creek At Cth M,44.708088,-90.800415,POINT (-90.800415 44.708088),swims,10020893
swims_10020895,Beaver Creek at Hwy 53,44.100288,-91.341889,POINT (-91.34188899999999 44.100288),swims,10020895
swims_10020898,Toppen Creek Near Anderson Road,44.107464,-91.18438,POINT (-91.18438 44.107464),swims,10020898
swims_10020899,Beaver Creek at Hwy 53 & Mill Road,44.08035,-91.34962,POINT (-91.34962 44.08035),swims,10020899
swims_10020902,Tank Creek At Sth 35,44.00099,-91.35289,POINT (-91.35289 44.00099),swims,10020902
swims_10020903,Black River at Hwy 53,44.06133,-91.29187,POINT (-91.29187 44.06133),swims,10020903
swims_10020917,Bridge Creek At Stone St/Cth G In Augusta,44.681705,-91.119446,POINT (-91.119446 44.681705),swims,10020917
swims_10020925,West Branch Of Milwaukee River At Cth V,43.54491,-88.246666,POINT (-88.246666 43.54491),swims,10020925
swims_10021045,Eau Claire River Below Moony Dam On Lower Eau Claire Lake,46.261368,-91.57153,POINT (-91.57153 46.261368),swims,10021045
swims_10021052,Murray Creek At Divine Rapids Road,45.911934,-90.42328,POINT (-90.42328000000001 45.911934),swims,10021052
swims_10021054,Sailor Creek At Old Hwy 13,45.853477,-90.41243,POINT (-90.41243 45.853477),swims,10021054
swims_10021067,Milwaukee River At Bayshore Outfall,43.123005,-87.916756,POINT (-87.91675600000001 43.123005),swims,10021067
swims_10021069,Lincoln Creek at mouth,43.10929,-87.930084,POINT (-87.93008399999999 43.10929),swims,10021069
swims_10021118,Rock Cut Creek - Trib To Upper St.Croix Lake - South Of Brancel Rd. Bridge,46.370434,-91.80622,POINT (-91.80622 46.370434),swims,10021118
swims_10021299,Silver Creek At Douglas St (Hwy 44),43.845055,-88.821304,POINT (-88.821304 43.845055),swims,10021299
swims_10021442,Bestul Creek At CTH G,44.4656,-89.15385,POINT (-89.15385000000001 44.4656),swims,10021442
swims_10022641,Unnamed Trib To West Branch Fond Du Lac River At Snowmobile Bridge In Taylor Park Rosendale,43.805664,-88.67925,POINT (-88.67925 43.805664),swims,10022641
swims_10022644,Unnamed Trib To West Branch Fond Du Lac River At Bike Path Rosedale,43.812614,-88.664856,POINT (-88.664856 43.812614),swims,10022644
swims_10022645,Unnamed Trib To West Branch Fond Du Lac River At Rosendale Wwtf Outfall,43.814598,-88.66086,POINT (-88.66086 43.814598),swims,10022645
swims_10022706,Unnamed Trib To Denevue At Cth K (Lake Denevue Outlet),43.738644,-88.40164,POINT (-88.40164 43.738644),swims,10022706
swims_10022707,Unnamed Trib To Denevue Cr. At Rr Crossing In Eden (Above Wwtf),43.69656,-88.36742,POINT (-88.36742 43.69656),swims,10022707
swims_10022738,East Trib. To Parsons Cr. Downstream  From Rr Culvert,43.692284,-88.458374,POINT (-88.45837400000001 43.692284),swims,10022738
swims_10022876,Sugar Grove Valley Creek Hwy. 23 Bridge,43.281097,-90.043884,POINT (-90.04388400000001 43.281097),swims,10022876
swims_10029782,East Branch Fond du Lac River Morris Court 200 yds east,43.758175,-88.45266,POINT (-88.45265999999999 43.758175),swims,10029782
swims_133059,Sixmile Creek at STH 113 and Division St,43.19185,-89.44741,POINT (-89.44741 43.19185),swims,133059
swims_133067,Dorn Creek at Cth M Bridge,43.140285,-89.44221,POINT (-89.44221 43.140285),swims,133067
swims_133082,Wingra (Murphy) Creek - Madison Landfill Seepage,43.051069,-89.385972,POINT (-89.385972 43.051069),swims,133082
swims_133113,Trib To Schlapbach Creek At Bakken Rd Brg 977,43.020298,-89.66656,POINT (-89.66656 43.020298),swims,133113
swims_133216,Sugar River West Branch - Docken Road,42.992634,-89.745067,POINT (-89.74506700000001 42.992634),swims,133216
swims_133427,Token Creek Millpond at Portage Rd dam,43.198237,-89.291804,POINT (-89.291804 43.198237),swims,133427
swims_133548,Sugar River at Riverside Rd,42.958474,-89.558936,POINT (-89.558936 42.958474),swims,133548
swims_143336,Kummel Creek - Center Road,43.59258,-88.479946,POINT (-88.479946 43.59258),swims,143336
swims_163118,St Croix River - Old Hwy 53 At Gordon,46.252617,-91.79963,POINT (-91.79962999999999 46.252617),swims,163118
swims_163128,St. Croix Creek At Hwy A,46.38414,-91.77665,POINT (-91.77665 46.38414),swims,163128
swims_163369,Leo Creek at Sth 53,46.328182,-91.81541,POINT (-91.81541 46.328182),swims,163369
swims_173243,Wilson Creek North Branch - North Branch Wilson Creek,44.988812,-92.115521,POINT (-92.115521 44.988812),swims,173243
swims_183079,Beaver Creek at 140th Ave Bdge,44.814518,-91.24745,POINT (-91.24745 44.814518),swims,183079
swims_183123,Lowes Creek at Cth Ii,44.742198,-91.460485,POINT (-91.46048500000001 44.742198),swims,183123
swims_203081,Silver Creek At Sth 23 East Of Ripon,43.831,-88.788734,POINT (-88.78873400000001 43.831),swims,203081
swims_203102,Parsons Creek Upstream Hickory Rd,43.693287,-88.471725,POINT (-88.47172500000001 43.693287),swims,203102
swims_203164,Parsons Creek At Lost Arrow Road,43.71169,-88.47797,POINT (-88.47797 43.71169),swims,203164
swims_223325,Snowden Branch - Rock Rd Bridge,42.66327,-90.489153,POINT (-90.489153 42.66327),swims,223325
swims_223350,Martinville Creek - Rock Church Road,42.912394,-90.47036,POINT (-90.47036 42.912394),swims,223350
swims_223351,Martinville Creek - Hickory Grove Road,42.907517,-90.45238,POINT (-90.45238000000001 42.907517),swims,223351
swims_223352,Snowden Branch - Rock Road Downstream,42.657708,-90.512197,POINT (-90.512197 42.657708),swims,223352
swims_253169,Otter Creek Union Valley Rd. (Near Mt Hope Rd.),43.00322,-90.28626,POINT (-90.28626 43.00322),swims,253169
swims_253170,Otter Creek  at Plank Rd. - Below Dam,43.028328,-90.276955,POINT (-90.276955 43.028328),swims,253170
swims_303043,Pike River South Branch at Sth 31 (Bi Sur),42.655171,-87.875657,POINT (-87.875657 42.655171),swims,303043
swims_463206,Pigeon Creek at Highland Road Near Thiensville WI,43.25075,-87.990585,POINT (-87.990585 43.25075),swims,463206
swims_513067,Flambeau River South Fork at Cth W,45.703494,-90.616167,POINT (-90.616167 45.703494),swims,513067
swims_513169,Threemile Creek - Sth 70 Culvert,45.885212,-90.3678,POINT (-90.3678 45.885212),swims,513169
swims_513184,Elk River at N. Soo Lake Rd.,45.704,-90.59647,POINT (-90.59647 45.704),swims,513184
swims_53226,Duck Creek - Near The Village Of Howard WI,44.534363,-88.12745,POINT (-88.12745 44.534363),swims,53226
swims_543249,Turtle Creek at Carvers Rock Rd Near Clinton WI,42.597471,-88.829216,POINT (-88.829216 42.597471),swims,543249
swims_623270,Beaver Creek North Fork - North Fork Beaver Creek At Cth S,44.210854,-91.193018,POINT (-91.193018 44.210854),swims,623270
swims_623283,Dutch Creek - Gilmeister Rd,44.113304,-91.305,POINT (-91.30500000000001 44.113304),swims,623283
swims_629293,Dutch Creek - Site 1: Sampson Ln. Off Of Crystal Valley Rd.,44.108691,-91.322191,POINT (-91.322191 44.108691),swims,629293
swims_673105,Milwaukee River at Cth M (Bi),43.424273,-88.078771,POINT (-88.078771 43.424273),swims,673105
swims_673211,Kohlsville River - Kr-A Kohlsville R - P-Up,43.470734,-88.31616,POINT (-88.31616 43.470734),swims,673211
swims_683097,Bark River at STH 18 Wayside Dousman,43.021385,-88.49615,POINT (-88.49615 43.021385),swims,683097
swims_683424,Bark River at Genessee Lake Road,43.046944,-88.459854,POINT (-88.45985400000001 43.046944),swims,683424
swims_683431,Menomonee River at Menomonee Falls WI,43.173004,-88.103935,POINT (-88.10393500000001 43.173004),swims,683431
swims_83110,Mill Creek at Lake Shore Dr,44.07892,-88.311844,POINT (-88.31184399999999 44.07892),swims,83110
swims_93028,Wolf River - Cth Mm,44.929982,-90.922862,POINT (-90.92286199999999 44.929982),swims,93028
usgs_04026561,"TYLER FORKS RIVER AT STRICKER ROAD NEAR MELLEN, WI",46.3947222,-90.59,POINT (-90.59 46.3947222),usgs,04026561
usgs_04027000,"BAD RIVER NEAR ODANAH, WI",46.4866144,-90.696297,POINT (-90.696297 46.4866144),usgs,04027000
usgs_04063700,"POPPLE RIVER NEAR FENCE, WI",45.7636111,-88.4636111,POINT (-88.46361109999999 45.7636111),usgs,04063700
usgs_04067500,"MENOMINEE RIVER NEAR MC ALLISTER, WI",45.3258333,-87.6633333,POINT (-87.66333330000001 45.3258333),usgs,04067500
usgs_04067958,"PESHTIGO RIVER NEAR WABENO, WI",45.38774406,-88.3051099,POINT (-88.30510990000001 45.38774406),usgs,04067958
usgs_04072150,"DUCK CREEK NEAR HOWARD, WI",44.53338889,-88.1296944,POINT (-88.12969440000001 44.53338889),usgs,04072150
usgs_04077630,"RED RIVER AT MORGAN ROAD NEAR MORGAN, WI",44.8980311,-88.8442729,POINT (-88.84427290000001 44.8980311),usgs,04077630
usgs_04080798,"TOMORROW RIVER NEAR NELSONVILLE, WI",44.5244444,-89.3377778,POINT (-89.3377778 44.5244444),usgs,04080798
usgs_04081000,"WAUPACA RIVER NEAR WAUPACA, WI",44.32916667,-88.9958333,POINT (-88.9958333 44.32916667),usgs,04081000
usgs_04082400,"FOX RIVER AT OSHKOSH, WI",44.013595,-88.5409472,POINT (-88.54094720000001 44.013595),usgs,04082400
usgs_04084445,"FOX RIVER AT APPLETON, WI",44.24805556,-88.4230556,POINT (-88.4230556 44.24805556),usgs,04084445
usgs_04084485,"FOX R. CANAL AT LOCK & DAM No. 2 AT KAUKAUNA, WI",44.2826861,-88.2585222,POINT (-88.2585222 44.2826861),usgs,04084485
usgs_04084927,"WEST PLUM CREEK AT NEW ROAD NEAR WRIGHTSTOWN, WI",44.29925,-88.1918333,POINT (-88.1918333 44.29925),usgs,04084927
usgs_04085108,"EAST RIVER @ CNTY TRUNK HIGHWAY ZZ NR GREENLEAF,WI",44.37194444,-88.0922222,POINT (-88.09222219999999 44.37194444),usgs,04085108
usgs_040851385,"FOX RIVER AT OIL TANK DEPOT AT GREEN BAY, WI",44.5286111,-88.01,POINT (-88.01000000000001 44.5286111),usgs,040851385
usgs_04085427,"MANITOWOC RIVER AT MANITOWOC, WI",44.10616667,-87.7160278,POINT (-87.71602780000001 44.10616667),usgs,04085427
usgs_040870876,"UNDERWOOD CR ON BIKE PATH/Rt 100, WEST ALLIS, WI.",43.0478333,-88.04738889,POINT (-88.04738888999999 43.0478333),usgs,040870876
usgs_04087119,"HONEY CREEK AT WAUWATOSA, WI",43.0438333,-88.0051111,POINT (-88.00511109999999 43.0438333),usgs,04087119
usgs_040871475,"WILSON PARK CREEK @ GMIA OUTFALL #7 @ MILWAUKEE,WI",42.95666667,-87.9069444,POINT (-87.9069444 42.95666667),usgs,040871475
usgs_040871476,HOLMES AVE CRK TRIB @ GMIA OUTFALL #1 AT MILWAUKEE,42.94444444,-87.9102778,POINT (-87.9102778 42.94444444),usgs,040871476
usgs_040871488,"WILSON PARK CK @ ST. LUKES HOSPITAL @ MILWAUKEE,WI",42.9897222,-87.9519444,POINT (-87.9519444 42.9897222),usgs,040871488
usgs_04087170,"MILWAUKEE RIVER AT MOUTH AT MILWAUKEE, WI",43.02444444,-87.8983333,POINT (-87.8983333 43.02444444),usgs,04087170
usgs_04087234,"ROOT RIVER AT 60TH ST NEAR CALEDONIA, WI",42.85555556,-87.9907222,POINT (-87.99072219999999 42.85555556),usgs,04087234
usgs_05331833,"NAMEKAGON RIVER AT LEONARDS, WI",46.1713687,-91.3293778,POINT (-91.3293778 46.1713687),usgs,05331833
usgs_05333500,"ST. CROIX RIVER NEAR DANBURY, WI",46.0761111,-92.2466667,POINT (-92.24666670000001 46.0761111),usgs,05333500
usgs_05340500,"ST. CROIX RIVER AT ST. CROIX FALLS, WI",45.4069444,-92.6469444,POINT (-92.6469444 45.4069444),usgs,05340500
usgs_05357205,"ALLEQUASH CREEK NEAR SAYNER, WI",46.0308444,-89.5993944,POINT (-89.59939439999999 46.0308444),usgs,05357205
usgs_05357206,"ALLEQUASH CREEK SITE NO. 3 NR BOULDER JUNCTION, WI",46.03277778,-89.6077778,POINT (-89.60777779999999 46.03277778),usgs,05357206
usgs_05357215,"ALLEQUASH CREEK @ CT HWY M NR BOULDER JUNCTION, WI",46.02388889,-89.6527778,POINT (-89.6527778 46.02388889),usgs,05357215
usgs_05357225,"STEVENSON CREEK @ CT HWY M NR BOULDER JUNCTION, WI",46.06138889,-89.6472222,POINT (-89.6472222 46.06138889),usgs,05357225
usgs_05357245,"TROUT RIVER AT TROUT LAKE NEAR BOULDER JUNCTION,WI",46.03555556,-89.7055556,POINT (-89.7055556 46.03555556),usgs,05357245
usgs_05364422,"COMO CREEK TRIBUTARY NEAR BLOOMER, WI",45.1104333,-91.5382467,POINT (-91.5382467 45.1104333),usgs,05364422
usgs_053674962,"TROUT CREEK AT CNTY TRUNK HIGHWAY DD NR BLOOMER,WI",45.12713889,-91.6044444,POINT (-91.60444440000001 45.12713889),usgs,053674962
usgs_053674967,"TROUT CREEK AT TENTH STREET NEAR BLOOMER, WI",45.0994444,-91.6511111,POINT (-91.65111109999999 45.0994444),usgs,053674967
usgs_05370000,"EAU GALLE RIVER AT SPRING VALLEY, WI",44.85277778,-92.2383333,POINT (-92.23833329999999 44.85277778),usgs,05370000
usgs_05382255,"STILLWELL CREEK AT SIXTEENTH COURT NEAR TOMAH, WI",43.99388889,-90.6572222,POINT (-90.65722220000001 43.99388889),usgs,05382255
usgs_05382257,"STILLWELL CREEK AT YARD ROAD NEAR TOMAH, WI",44.00055556,-90.6811111,POINT (-90.6811111 44.00055556),usgs,05382257
usgs_05382267,"LA CROSSE RIVER @ CNTY TRUNK HIGHWY BB NR TOMAH,WI",44.00027778,-90.7244444,POINT (-90.7244444 44.00027778),usgs,05382267
usgs_05382284,"SILVER CREEK AT STATE HIGHWAY 21 NEAR ANGELO, WI",43.9672222,-90.765,POINT (-90.765 43.9672222),usgs,05382284
usgs_05406457,"BLACK EARTH CREEK NR BREWERY RD AT CROSS PLAINS,WI",43.1097222,-89.6408333,POINT (-89.6408333 43.1097222),usgs,05406457
usgs_05406469,"BREWERY CREEK-UPSTREAM SITE-AT CROSS PLAINS, WI",43.12527778,-89.635,POINT (-89.63500000000001 43.12527778),usgs,05406469
usgs_05406479,"BLACK EARTH CK NR TREATMENT PLNT @ CROSS PLAINS,WI",43.1147222,-89.6641667,POINT (-89.6641667 43.1147222),usgs,05406479
usgs_05406497,"BLACK EARTH CREEK @ S. VALLEY RD NR BLACK EARTH,WI",43.125,-89.7097222,POINT (-89.7097222 43.125),usgs,05406497
usgs_05406500,"BLACK EARTH CREEK AT BLACK EARTH, WI",43.13416667,-89.7322222,POINT (-89.7322222 43.13416667),usgs,05406500
usgs_05435943,"BADGER MILL CREEK AT VERONA, WI",42.97694444,-89.5394444,POINT (-89.53944439999999 42.97694444),usgs,05435943
usgs_05435950,"SUGAR RIVER NEAR VERONA, WI",42.94916667,-89.5441667,POINT (-89.54416670000001 42.94916667),usgs,05435950
